x,y,z,angle_deg,obj_filename,pred_width,pred_height,fit_dist,pred_levels,cluster_levels
-728530.7299096696,3172846.630936056,0,0,geospecific_0.obj,0,0,0,1,1
-727933.2850988557,3172858.578730258,0,0,geospecific_1.obj,0,0,0,1,1
-728690.6942819181,3173038.6083581476,0,0,geospecific_2.obj,0,0,0,1,1
-728757.5430156545,3173111.821465095,0,0,geospecific_3.obj,0,0,0,1,1
-728724.4396743949,3173192.1150165144,0,0,geospecific_4.obj,0,0,0,1,1
-728126.880498504,3173277.127552346,0,0,geospecific_5.obj,0,0,0,1,1
-727954.3449489197,3173251.1874122526,0,0,geospecific_6.obj,0,0,0,1,1
-728260.0830289276,3173258.623811172,0,0,geospecific_7.obj,0,0,0,1,1
-728355.6470352049,3173260.6604696577,0,0,geospecific_8.obj,0,0,0,1,1
-728890.6984985315,3173820.2229716126,0,0,geospecific_9.obj,0,0,0,1,1
-728751.9646750604,3173814.2913433923,0,0,geospecific_10.obj,0,0,0,1,1
-728881.7435622996,3173939.668353445,0,0,geospecific_11.obj,0,0,0,1,1
-728663.0649715313,3173977.375917411,0,0,geospecific_12.obj,0,0,0,1,1
-729031.556618264,3173956.2353475955,0,0,geospecific_13.obj,0,0,0,1,1
-729018.3995148261,3174056.6621031705,0,0,geospecific_14.obj,0,0,0,1,1
-727933.5470206727,3174164.606305589,0,0,geospecific_15.obj,0,0,0,1,1
-728576.7395995117,3174449.8565549073,0,0,geospecific_16.obj,0,0,0,1,1
-728639.0315305557,3174465.5437079766,0,0,geospecific_17.obj,0,0,0,1,1
-728721.6820444675,3174705.3538429607,0,0,geospecific_18.obj,0,0,0,1,1
-728120.1356481209,3174999.0664679045,0,0,geospecific_19.obj,0,0,0,1,1
-727759.4555250568,3172868.1546989405,0,0,geospecific_20.obj,0,0,0,1,1
-727821.6869832197,3172923.969306429,0,0,geospecific_21.obj,0,0,0,1,1
-727714.9788912446,3173013.156875795,0,0,geospecific_22.obj,0,0,0,1,1
-727754.6373556525,3173068.601876553,0,0,geospecific_23.obj,0,0,0,1,1
-727601.3650412561,3173059.499287104,0,0,geospecific_24.obj,0,0,0,1,1
-727646.7995715074,3173133.425465057,0,0,geospecific_25.obj,0,0,0,1,1
-727576.2163386664,3173148.3550037635,0,0,geospecific_26.obj,0,0,0,1,1
-727709.0964021899,3173397.07008442,0,0,geospecific_27.obj,0,0,0,1,1
-727602.3179760295,3174016.525800325,0,0,geospecific_28.obj,0,0,0,1,1
-727777.642145661,3174223.926005637,0,0,geospecific_29.obj,0,0,0,1,1
-727707.4588566417,3174426.849645021,0,0,geospecific_30.obj,0,0,0,1,1
-727769.0453058664,3174467.6614473467,0,0,geospecific_31.obj,0,0,0,1,1
-727524.1854088283,3174793.5554019012,0,0,geospecific_32.obj,0,0,0,1,1
-727914.6085579485,3174941.8830997488,0,0,geospecific_33.obj,0,0,0,1,1
-727733.831170339,3175078.840240214,0,0,geospecific_34.obj,0,0,0,1,1
-727634.2198199036,3175148.236520728,0,0,geospecific_35.obj,0,0,0,1,1
-727923.0814846485,3175162.7207130836,0,0,geospecific_36.obj,0,0,0,1,1
-727336.1177755182,3172693.111817219,0,0,geospecific_37.obj,0,0,0,1,1
-727483.9695028337,3173667.652198328,0,0,geospecific_38.obj,0,0,0,1,1
-727442.5315675635,3175243.453924226,0,0,geospecific_39.obj,0,0,0,1,1
-727358.3870135867,3175305.508790472,0,0,geospecific_40.obj,0,0,0,1,1
-727182.8312540365,3172696.8419455527,0,0,geospecific_41.obj,0,0,0,1,1
-727219.3376625988,3172749.3727872306,0,0,geospecific_42.obj,0,0,0,1,1
-727289.528101609,3172782.689500769,0,0,geospecific_43.obj,0,0,0,1,1
-727194.4592750194,3172869.530097797,0,0,geospecific_44.obj,0,0,0,1,1
-727244.4474363541,3172949.0217289096,0,0,geospecific_45.obj,0,0,0,1,1
-727195.6374482885,3173102.2512506074,0,0,geospecific_46.obj,0,0,0,1,1
-727192.1306864967,3173163.790327137,0,0,geospecific_47.obj,0,0,0,1,1
-727156.2462601574,3173240.5514467712,0,0,geospecific_48.obj,0,0,0,1,1
-727148.7338754053,3173257.8987132856,0,0,geospecific_49.obj,0,0,0,1,1
-727222.6867616816,3173300.800259741,0,0,geospecific_50.obj,0,0,0,1,1
-727209.1687361052,3173331.0094134836,0,0,geospecific_51.obj,0,0,0,1,1
-727196.4512905595,3173362.1588772414,0,0,geospecific_52.obj,0,0,0,1,1
-727182.7435382786,3173392.7366627026,0,0,geospecific_53.obj,0,0,0,1,1
-727170.4982589013,3173423.780924864,0,0,geospecific_54.obj,0,0,0,1,1
-727174.8713626838,3173567.821946714,0,0,geospecific_55.obj,0,0,0,1,1
-727253.8561308257,3174020.4572549514,0,0,geospecific_56.obj,0,0,0,1,1
-727216.6251748665,3174030.2016254547,0,0,geospecific_57.obj,0,0,0,1,1
-727162.0891506526,3174130.194062601,0,0,geospecific_58.obj,0,0,0,1,1
-727210.2628843797,3174164.693889647,0,0,geospecific_59.obj,0,0,0,1,1
-727199.3852008117,3174218.173731233,0,0,geospecific_60.obj,0,0,0,1,1
-727221.4521434271,3174344.1784832445,0,0,geospecific_61.obj,0,0,0,1,1
-727163.212585694,3175287.384013967,0,0,geospecific_62.obj,0,0,0,1,1
-727182.1748357915,3175318.2065037014,0,0,geospecific_63.obj,0,0,0,1,1
-727240.4941962498,3175340.766007083,0,0,geospecific_64.obj,0,0,0,1,1
-726972.746387297,3172707.829701146,0,0,geospecific_65.obj,0,0,0,1,1
-727103.655263584,3172770.7448381204,0,0,geospecific_66.obj,0,0,0,1,1
-727148.576208503,3172808.1192452894,0,0,geospecific_67.obj,0,0,0,1,1
-727154.0864296689,3172911.7481817617,0,0,geospecific_68.obj,0,0,0,1,1
-727141.4858568547,3172927.8645510473,0,0,geospecific_69.obj,0,0,0,1,1
-727123.8779462843,3172946.693775507,0,0,geospecific_70.obj,0,0,0,1,1
-727090.3638727856,3172974.0901869037,0,0,geospecific_71.obj,0,0,0,1,1
-727073.6092341737,3172982.357431265,0,0,geospecific_72.obj,0,0,0,1,1
-727052.3540664879,3172993.3922963357,0,0,geospecific_73.obj,0,0,0,1,1
-727131.2034153865,3173067.1520545436,0,0,geospecific_74.obj,0,0,0,1,1
-727085.0396830079,3173067.055110063,0,0,geospecific_75.obj,0,0,0,1,1
-727073.5708733322,3173126.465336666,0,0,geospecific_76.obj,0,0,0,1,1
-727106.9751516426,3173141.8955610427,0,0,geospecific_77.obj,0,0,0,1,1
-727049.905197658,3173147.1516652633,0,0,geospecific_78.obj,0,0,0,1,1
-727043.6532434869,3173303.0473582973,0,0,geospecific_79.obj,0,0,0,1,1
-727111.4513739562,3173469.704565349,0,0,geospecific_80.obj,0,0,0,1,1
-727167.9297245707,3173481.4239309547,0,0,geospecific_81.obj,0,0,0,1,1
-727146.3700659118,3173486.4341912237,0,0,geospecific_82.obj,0,0,0,1,1
-727067.932259598,3173924.063476968,0,0,geospecific_83.obj,0,0,0,1,1
-727149.5667681588,3174026.1589525905,0,0,geospecific_84.obj,0,0,0,1,1
-727041.9996278986,3174273.332773966,0,0,geospecific_85.obj,0,0,0,1,1
-727056.5643924506,3174328.4012450217,0,0,geospecific_86.obj,0,0,0,1,1
-727047.6151899834,3174398.0077904724,0,0,geospecific_87.obj,0,0,0,1,1
-727171.4028755215,3174484.0714277686,0,0,geospecific_88.obj,0,0,0,1,1
-727067.781383297,3174493.047426919,0,0,geospecific_89.obj,0,0,0,1,1
-727088.434468597,3174710.2140904064,0,0,geospecific_90.obj,0,0,0,1,1
-727076.599335967,3174693.179390063,0,0,geospecific_91.obj,0,0,0,1,1
-727106.8802677852,3175114.2335862312,0,0,geospecific_92.obj,0,0,0,1,1
-727160.5359320963,3175459.3842900735,0,0,geospecific_93.obj,0,0,0,1,1
-727047.8684853729,3175517.58134381,0,0,geospecific_94.obj,0,0,0,1,1
-727008.1371004946,3172802.265856556,0,0,geospecific_95.obj,0,0,0,1,1
-726960.0716394976,3172869.8588906247,0,0,geospecific_96.obj,0,0,0,1,1
-726964.820800716,3172885.276962608,0,0,geospecific_97.obj,0,0,0,1,1
-726981.0160281709,3172905.18805592,0,0,geospecific_98.obj,0,0,0,1,1
-726977.4802735298,3172927.6787439217,0,0,geospecific_99.obj,0,0,0,1,1
-726987.7082610907,3173026.4378945823,0,0,geospecific_100.obj,0,0,0,1,1
-727036.2240204674,3173001.7649129163,0,0,geospecific_101.obj,0,0,0,1,1
-726949.4569313928,3173046.046988429,0,0,geospecific_102.obj,0,0,0,1,1
-727014.9677555256,3173012.7972578118,0,0,geospecific_103.obj,0,0,0,1,1
-726911.4048643837,3173066.0836251974,0,0,geospecific_104.obj,0,0,0,1,1
-727013.921577803,3173170.5745487814,0,0,geospecific_105.obj,0,0,0,1,1
-726974.6441268248,3173188.4819432828,0,0,geospecific_106.obj,0,0,0,1,1
-726946.667480752,3173202.8745879955,0,0,geospecific_107.obj,0,0,0,1,1
-726921.67187729,3173214.040711535,0,0,geospecific_108.obj,0,0,0,1,1
-727009.8072530708,3173279.609846042,0,0,geospecific_109.obj,0,0,0,1,1
-727003.1293310473,3173310.6540333773,0,0,geospecific_110.obj,0,0,0,1,1
-726978.3640120338,3173322.301314682,0,0,geospecific_111.obj,0,0,0,1,1
-726899.4871824436,3173329.8907157257,0,0,geospecific_112.obj,0,0,0,1,1
-726910.6841407695,3173354.9106014045,0,0,geospecific_113.obj,0,0,0,1,1
-726921.4491629765,3173371.4046281246,0,0,geospecific_114.obj,0,0,0,1,1
-726932.6370733695,3173396.432580573,0,0,geospecific_115.obj,0,0,0,1,1
-727013.0081611155,3173462.696352926,0,0,geospecific_116.obj,0,0,0,1,1
-727029.5711513814,3173574.078314123,0,0,geospecific_117.obj,0,0,0,1,1
-726964.338960162,3174282.3595691244,0,0,geospecific_118.obj,0,0,0,1,1
-726941.5968376312,3174361.7542098844,0,0,geospecific_119.obj,0,0,0,1,1
-727030.5892471815,3174409.6187383286,0,0,geospecific_120.obj,0,0,0,1,1
-726971.5823972785,3174420.199135294,0,0,geospecific_121.obj,0,0,0,1,1
-726992.2664355541,3174420.7566567827,0,0,geospecific_122.obj,0,0,0,1,1
-726957.1961661818,3174430.9120425517,0,0,geospecific_123.obj,0,0,0,1,1
-727004.8193764271,3174578.3902795943,0,0,geospecific_124.obj,0,0,0,1,1
-726984.3656827904,3174990.845074856,0,0,geospecific_125.obj,0,0,0,1,1
-726941.9803457692,3175378.0845629596,0,0,geospecific_126.obj,0,0,0,1,1
-727001.6603173771,3175559.8453576947,0,0,geospecific_127.obj,0,0,0,1,1
-726843.3720175988,3172617.2361290455,0,0,geospecific_128.obj,0,0,0,1,1
-726867.4228444267,3172658.9143877975,0,0,geospecific_129.obj,0,0,0,1,1
-726888.309838838,3172702.804229569,0,0,geospecific_130.obj,0,0,0,1,1
-726806.2739931467,3172793.4326324924,0,0,geospecific_131.obj,0,0,0,1,1
-726873.3357966854,3172929.468042024,0,0,geospecific_132.obj,0,0,0,1,1
-726908.8202809715,3172971.0991643174,0,0,geospecific_133.obj,0,0,0,1,1
-726870.7758475689,3173084.187754668,0,0,geospecific_134.obj,0,0,0,1,1
-726842.1013210854,3173102.130025664,0,0,geospecific_135.obj,0,0,0,1,1
-726832.4393356084,3173200.62245988,0,0,geospecific_136.obj,0,0,0,1,1
-726843.6395623292,3173225.6410362814,0,0,geospecific_137.obj,0,0,0,1,1
-726854.3962746344,3173242.140617176,0,0,geospecific_138.obj,0,0,0,1,1
-726865.595816024,3173267.1606760477,0,0,geospecific_139.obj,0,0,0,1,1
-726847.7009469507,3173390.8318927935,0,0,geospecific_140.obj,0,0,0,1,1
-726822.9369080982,3173402.4808188267,0,0,geospecific_141.obj,0,0,0,1,1
-726869.4248169347,3173461.5195397944,0,0,geospecific_142.obj,0,0,0,1,1
-726921.7579761897,3174394.984011126,0,0,geospecific_143.obj,0,0,0,1,1
-726932.7833867492,3174432.308187839,0,0,geospecific_144.obj,0,0,0,1,1
-726870.6234733488,3174545.7565831775,0,0,geospecific_145.obj,0,0,0,1,1
-726870.4784854689,3174783.915936278,0,0,geospecific_146.obj,0,0,0,1,1
-726919.1219007906,3174897.0927492,0,0,geospecific_147.obj,0,0,0,1,1
-726931.6489077351,3175110.7099305345,0,0,geospecific_148.obj,0,0,0,1,1
-726837.9584919736,3175161.04468328,0,0,geospecific_149.obj,0,0,0,1,1
-726819.0795124177,3175216.070556998,0,0,geospecific_150.obj,0,0,0,1,1
-726901.0361728707,3175519.602941008,0,0,geospecific_151.obj,0,0,0,1,1
-726878.8928239187,3175706.0738586932,0,0,geospecific_152.obj,0,0,0,1,1
-726837.959181817,3172896.501977505,0,0,geospecific_153.obj,0,0,0,1,1
-726823.0246860147,3172985.629582513,0,0,geospecific_154.obj,0,0,0,1,1
-726780.204525249,3172999.339034677,0,0,geospecific_155.obj,0,0,0,1,1
-726820.8463412033,3173113.1608064095,0,0,geospecific_156.obj,0,0,0,1,1
-726804.548009245,3173121.8117977553,0,0,geospecific_157.obj,0,0,0,1,1
-726783.293567369,3173132.8464217787,0,0,geospecific_158.obj,0,0,0,1,1
-726767.2801521595,3173141.3885420277,0,0,geospecific_159.obj,0,0,0,1,1
-726786.505183165,3173274.231392533,0,0,geospecific_160.obj,0,0,0,1,1
-726761.747432771,3173285.890877223,0,0,geospecific_161.obj,0,0,0,1,1
-726802.8122031225,3173455.424075964,0,0,geospecific_162.obj,0,0,0,1,1
-726798.6337453708,3173823.6995286993,0,0,geospecific_163.obj,0,0,0,1,1
-726772.359788356,3173895.458129893,0,0,geospecific_164.obj,0,0,0,1,1
-726758.6334783358,3174590.054202275,0,0,geospecific_165.obj,0,0,0,1,1
-726776.6504541419,3174650.2489733896,0,0,geospecific_166.obj,0,0,0,1,1
-726756.9539638382,3174746.0080497996,0,0,geospecific_167.obj,0,0,0,1,1
-726774.3509653544,3174770.715701384,0,0,geospecific_168.obj,0,0,0,1,1
-726760.7147753544,3175218.6893826085,0,0,geospecific_169.obj,0,0,0,1,1
-726793.9321559746,3175741.515541952,0,0,geospecific_170.obj,0,0,0,1,1
-726697.9501038915,3173336.8727780953,0,0,geospecific_171.obj,0,0,0,1,1
-726716.3175830093,3173630.649541086,0,0,geospecific_172.obj,0,0,0,1,1
-726667.4821456659,3174248.2741005355,0,0,geospecific_173.obj,0,0,0,1,1
-726738.6204955429,3174776.8355841497,0,0,geospecific_174.obj,0,0,0,1,1
-726610.6681795855,3175076.4764140765,0,0,geospecific_175.obj,0,0,0,1,1
-726602.7590932971,3172614.155868153,0,0,geospecific_176.obj,0,0,0,1,1
-726614.4104503623,3173289.221024838,0,0,geospecific_177.obj,0,0,0,1,1
-726661.0248177001,3173584.433113638,0,0,geospecific_178.obj,0,0,0,1,1
-726608.4490874312,3173820.956168301,0,0,geospecific_179.obj,0,0,0,1,1
-726608.0502551689,3174487.4121587356,0,0,geospecific_180.obj,0,0,0,1,1
-726611.4439661286,3175272.594730305,0,0,geospecific_181.obj,0,0,0,1,1
-726511.9189779537,3172915.537356448,0,0,geospecific_182.obj,0,0,0,1,1
-726524.0079904378,3172941.4021535562,0,0,geospecific_183.obj,0,0,0,1,1
-726532.8738572372,3172963.5483345375,0,0,geospecific_184.obj,0,0,0,1,1
-726544.941439016,3172989.4268144676,0,0,geospecific_185.obj,0,0,0,1,1
-726578.9035945238,3173210.7714667725,0,0,geospecific_186.obj,0,0,0,1,1
-726539.089637023,3174430.957685089,0,0,geospecific_187.obj,0,0,0,1,1
-726563.4296108758,3175234.847879236,0,0,geospecific_188.obj,0,0,0,1,1
-726601.1344032738,3175237.826768471,0,0,geospecific_189.obj,0,0,0,1,1
-726568.4284024686,3175515.3306558654,0,0,geospecific_190.obj,0,0,0,1,1
-726531.3660177621,3175842.8926506876,0,0,geospecific_191.obj,0,0,0,1,1
-726547.7368317639,3175976.085579099,0,0,geospecific_192.obj,0,0,0,1,1
-726475.2646181186,3172556.1286197035,0,0,geospecific_193.obj,0,0,0,1,1
-726454.3160572822,3172796.920604838,0,0,geospecific_194.obj,0,0,0,1,1
-726469.0982707196,3172826.3654258912,0,0,geospecific_195.obj,0,0,0,1,1
-726481.1881745604,3172852.2287664493,0,0,geospecific_196.obj,0,0,0,1,1
-726490.9963654394,3172871.002005991,0,0,geospecific_197.obj,0,0,0,1,1
-726503.0861357508,3172896.8654018966,0,0,geospecific_198.obj,0,0,0,1,1
-726483.2248669358,3174106.5724076848,0,0,geospecific_199.obj,0,0,0,1,1
-726523.3393886222,3174143.338550637,0,0,geospecific_200.obj,0,0,0,1,1
-726510.9638673761,3174148.577528713,0,0,geospecific_201.obj,0,0,0,1,1
-726522.9943055969,3174472.64039106,0,0,geospecific_202.obj,0,0,0,1,1
-726411.465695955,3173148.5561896116,0,0,geospecific_203.obj,0,0,0,1,1
-726378.0317020592,3175462.1031746254,0,0,geospecific_204.obj,0,0,0,1,1
-726411.1619626896,3175811.5834313356,0,0,geospecific_205.obj,0,0,0,1,1
-726348.4790108363,3172795.229875612,0,0,geospecific_206.obj,0,0,0,1,1
-726337.3054901805,3173411.4296709374,0,0,geospecific_207.obj,0,0,0,1,1
-726374.0391787369,3173568.8304091375,0,0,geospecific_208.obj,0,0,0,1,1
-726363.0487969812,3173598.8545745667,0,0,geospecific_209.obj,0,0,0,1,1
-726367.2487420139,3174875.340973343,0,0,geospecific_210.obj,0,0,0,1,1
-726349.3534535074,3175381.3281893255,0,0,geospecific_211.obj,0,0,0,1,1
-726354.9843611873,3175604.1079047923,0,0,geospecific_212.obj,0,0,0,1,1
-726305.2429164276,3174277.1099082683,0,0,geospecific_213.obj,0,0,0,1,1
-726349.1854027082,3174350.24135662,0,0,geospecific_214.obj,0,0,0,1,1
-726316.5071893157,3176289.1321966834,0,0,geospecific_215.obj,0,0,0,1,1
-726252.7116049312,3173206.299967339,0,0,geospecific_216.obj,0,0,0,1,1
-726241.5404469654,3173560.359226,0,0,geospecific_217.obj,0,0,0,1,1
-726320.6483567617,3173551.732434978,0,0,geospecific_218.obj,0,0,0,1,1
-726298.7925126046,3174895.922159003,0,0,geospecific_219.obj,0,0,0,1,1
-726289.7575120035,3175235.8318316755,0,0,geospecific_220.obj,0,0,0,1,1
-726189.2346258542,3175447.8470253292,0,0,geospecific_221.obj,0,0,0,1,1
-726261.8325281793,3172994.2631854345,0,0,geospecific_222.obj,0,0,0,1,1
-726238.2906650277,3173105.565503574,0,0,geospecific_223.obj,0,0,0,1,1
-726219.9192391372,3173411.998012587,0,0,geospecific_224.obj,0,0,0,1,1
-726212.9552828126,3173475.432132562,0,0,geospecific_225.obj,0,0,0,1,1
-726197.6376975739,3173512.95413227,0,0,geospecific_226.obj,0,0,0,1,1
-726211.4575017762,3175053.072167321,0,0,geospecific_227.obj,0,0,0,1,1
-726179.3514887177,3175547.279443335,0,0,geospecific_228.obj,0,0,0,1,1
-726199.7456098705,3175997.6340670837,0,0,geospecific_229.obj,0,0,0,1,1
-726246.7341808719,3176014.4037973057,0,0,geospecific_230.obj,0,0,0,1,1
-726203.6498512942,3176381.466862579,0,0,geospecific_231.obj,0,0,0,1,1
-726143.9775179607,3172743.2859888845,0,0,geospecific_232.obj,0,0,0,1,1
-726194.2231641964,3179097.5553270285,0,0,geospecific_233.obj,0,0,0,1,1
-726142.7638014453,3172765.116387585,0,0,geospecific_234.obj,0,0,0,1,1
-726142.4820932182,3172783.5976982205,0,0,geospecific_235.obj,0,0,0,1,1
-726140.8479091702,3172805.357495354,0,0,geospecific_236.obj,0,0,0,1,1
-726141.1431796714,3172823.8421282894,0,0,geospecific_237.obj,0,0,0,1,1
-726139.3379370588,3172845.584650445,0,0,geospecific_238.obj,0,0,0,1,1
-726145.3094191905,3174761.184994476,0,0,geospecific_239.obj,0,0,0,1,1
-726136.2950073223,3174988.547560859,0,0,geospecific_240.obj,0,0,0,1,1
-726103.6702635846,3175353.3746883157,0,0,geospecific_241.obj,0,0,0,1,1
-726078.8410274874,3176458.4461901635,0,0,geospecific_242.obj,0,0,0,1,1
-726107.351574034,3173707.784190918,0,0,geospecific_243.obj,0,0,0,1,1
-726090.112070629,3173961.775114139,0,0,geospecific_244.obj,0,0,0,1,1
-726111.4990856375,3174402.2276234147,0,0,geospecific_245.obj,0,0,0,1,1
-726091.3419963797,3175925.7623536135,0,0,geospecific_246.obj,0,0,0,1,1
-726078.7534330066,3176351.2345839073,0,0,geospecific_247.obj,0,0,0,1,1
-726116.8696224325,3179006.547174565,0,0,geospecific_248.obj,0,0,0,1,1
-726021.7752373186,3172620.3497504685,0,0,geospecific_249.obj,0,0,0,1,1
-726047.613610353,3172831.327529682,0,0,geospecific_250.obj,0,0,0,1,1
-726046.6400659649,3173685.263822245,0,0,geospecific_251.obj,0,0,0,1,1
-726068.3364291183,3174071.2877404075,0,0,geospecific_252.obj,0,0,0,1,1
-726038.5862170232,3174357.650545154,0,0,geospecific_253.obj,0,0,0,1,1
-726034.7332605248,3175804.8990653926,0,0,geospecific_254.obj,0,0,0,1,1
-726050.3267935335,3176092.4096020632,0,0,geospecific_255.obj,0,0,0,1,1
-726040.9198917784,3176504.944098134,0,0,geospecific_256.obj,0,0,0,1,1
-725958.0703836598,3173946.6077112,0,0,geospecific_257.obj,0,0,0,1,1
-726015.816437169,3174332.8674364937,0,0,geospecific_258.obj,0,0,0,1,1
-726016.2322950485,3174644.227717209,0,0,geospecific_259.obj,0,0,0,1,1
-725932.0024980534,3177098.628380789,0,0,geospecific_260.obj,0,0,0,1,1
-725997.8751812014,3177529.659570153,0,0,geospecific_261.obj,0,0,0,1,1
-726018.7478558039,3177623.720262264,0,0,geospecific_262.obj,0,0,0,1,1
-725936.1971445843,3172602.9442471154,0,0,geospecific_263.obj,0,0,0,1,1
-725908.6777698012,3172636.1898541544,0,0,geospecific_264.obj,0,0,0,1,1
-725915.1734177258,3173002.2428498794,0,0,geospecific_265.obj,0,0,0,1,1
-725967.458962065,3173146.2861780915,0,0,geospecific_266.obj,0,0,0,1,1
-725903.2409229815,3173071.112780714,0,0,geospecific_267.obj,0,0,0,1,1
-725893.8672305901,3173119.425635017,0,0,geospecific_268.obj,0,0,0,1,1
-725959.3785617878,3173411.346468553,0,0,geospecific_269.obj,0,0,0,1,1
-725980.7696828741,3173573.8536428353,0,0,geospecific_270.obj,0,0,0,1,1
-725981.384977941,3174076.8191532395,0,0,geospecific_271.obj,0,0,0,1,1
-725969.1823403676,3174470.5748829436,0,0,geospecific_272.obj,0,0,0,1,1
-725977.1965694402,3175037.3475739746,0,0,geospecific_273.obj,0,0,0,1,1
-725990.1820392353,3175348.174653596,0,0,geospecific_274.obj,0,0,0,1,1
-725942.3786321279,3175827.7679299503,0,0,geospecific_275.obj,0,0,0,1,1
-725958.2095581628,3176621.6254732623,0,0,geospecific_276.obj,0,0,0,1,1
-725942.1117149312,3177265.1717772232,0,0,geospecific_277.obj,0,0,0,1,1
-725900.5165430292,3177553.2089830185,0,0,geospecific_278.obj,0,0,0,1,1
-725958.3430748428,3178939.1260056165,0,0,geospecific_279.obj,0,0,0,1,1
-725860.7513611142,3173159.8490768513,0,0,geospecific_280.obj,0,0,0,1,1
-725918.001762683,3173327.208661654,0,0,geospecific_281.obj,0,0,0,1,1
-725914.9054230145,3173392.9033813598,0,0,geospecific_282.obj,0,0,0,1,1
-725924.9451663948,3173544.484434935,0,0,geospecific_283.obj,0,0,0,1,1
-725889.3484402397,3173872.0877807443,0,0,geospecific_284.obj,0,0,0,1,1
-725900.5282326847,3174105.7345384127,0,0,geospecific_285.obj,0,0,0,1,1
-725853.117540444,3176977.219889588,0,0,geospecific_286.obj,0,0,0,1,1
-725878.4532268159,3173165.492628547,0,0,geospecific_287.obj,0,0,0,1,1
-725832.889472042,3173374.124921548,0,0,geospecific_288.obj,0,0,0,1,1
-725865.5409957967,3175325.0405280087,0,0,geospecific_289.obj,0,0,0,1,1
-725832.2957055077,3176848.1818213006,0,0,geospecific_290.obj,0,0,0,1,1
-725808.8136787517,3177151.6840099758,0,0,geospecific_291.obj,0,0,0,1,1
-725819.6752617577,3177360.5724707097,0,0,geospecific_292.obj,0,0,0,1,1
-725834.943713754,3177570.7418286675,0,0,geospecific_293.obj,0,0,0,1,1
-725785.9904218195,3172993.8493800242,0,0,geospecific_294.obj,0,0,0,1,1
-725753.9032158854,3173408.126856719,0,0,geospecific_295.obj,0,0,0,1,1
-725817.1868644989,3175549.8492722292,0,0,geospecific_296.obj,0,0,0,1,1
-725805.5122119051,3175640.17037369,0,0,geospecific_297.obj,0,0,0,1,1
-725789.3379970839,3176324.2037817393,0,0,geospecific_298.obj,0,0,0,1,1
-725780.615607193,3176831.334975953,0,0,geospecific_299.obj,0,0,0,1,1
-725804.8444488164,3177086.8397970395,0,0,geospecific_300.obj,0,0,0,1,1
-725818.8253528232,3177571.888534384,0,0,geospecific_301.obj,0,0,0,1,1
-725802.5414831478,3177573.0126804216,0,0,geospecific_302.obj,0,0,0,1,1
-725818.2287827109,3177620.8504410908,0,0,geospecific_303.obj,0,0,0,1,1
-725817.891011324,3177640.0067450106,0,0,geospecific_304.obj,0,0,0,1,1
-725816.819050538,3177718.504499393,0,0,geospecific_305.obj,0,0,0,1,1
-725774.5239605993,3177692.203160551,0,0,geospecific_306.obj,0,0,0,1,1
-725764.9836021891,3172928.6778837573,0,0,geospecific_307.obj,0,0,0,1,1
-725729.0712185178,3173115.418683707,0,0,geospecific_308.obj,0,0,0,1,1
-725734.264574438,3173344.690103924,0,0,geospecific_309.obj,0,0,0,1,1
-725763.8792203229,3173605.605255767,0,0,geospecific_310.obj,0,0,0,1,1
-725750.739890642,3173610.882746174,0,0,geospecific_311.obj,0,0,0,1,1
-725711.8257720011,3177052.1249201917,0,0,geospecific_312.obj,0,0,0,1,1
-725752.3797510228,3177171.821393051,0,0,geospecific_313.obj,0,0,0,1,1
-725665.8788374515,3173349.017148445,0,0,geospecific_314.obj,0,0,0,1,1
-725651.9502236506,3173905.540833775,0,0,geospecific_315.obj,0,0,0,1,1
-725629.2721284665,3176972.301446226,0,0,geospecific_316.obj,0,0,0,1,1
-725630.1723452825,3177014.1899429834,0,0,geospecific_317.obj,0,0,0,1,1
-725666.9091721635,3177332.7198523376,0,0,geospecific_318.obj,0,0,0,1,1
-725631.0222196438,3173231.48143521,0,0,geospecific_319.obj,0,0,0,1,1
-725666.0901544197,3173573.231609285,0,0,geospecific_320.obj,0,0,0,1,1
-725643.0455782346,3173599.8021470928,0,0,geospecific_321.obj,0,0,0,1,1
-725602.0949040612,3173665.106090058,0,0,geospecific_322.obj,0,0,0,1,1
-725668.8895448709,3173916.8749255566,0,0,geospecific_323.obj,0,0,0,1,1
-725632.8445791784,3175547.7770088124,0,0,geospecific_324.obj,0,0,0,1,1
-725639.6647855467,3176243.0553530394,0,0,geospecific_325.obj,0,0,0,1,1
-725581.3647516764,3177063.447196362,0,0,geospecific_326.obj,0,0,0,1,1
-725612.272763807,3177180.7839475307,0,0,geospecific_327.obj,0,0,0,1,1
-725633.9313095224,3177335.150560221,0,0,geospecific_328.obj,0,0,0,1,1
-725576.3857406602,3177358.5760731013,0,0,geospecific_329.obj,0,0,0,1,1
-725653.5047743842,3177668.7266410748,0,0,geospecific_330.obj,0,0,0,1,1
-725611.3261966374,3177661.021893893,0,0,geospecific_331.obj,0,0,0,1,1
-725578.8557229983,3172720.8566104616,0,0,geospecific_332.obj,0,0,0,1,1
-725546.9392595693,3173159.3340303986,0,0,geospecific_333.obj,0,0,0,1,1
-725602.2182952064,3175457.526768621,0,0,geospecific_334.obj,0,0,0,1,1
-725586.5261538015,3177262.984619233,0,0,geospecific_335.obj,0,0,0,1,1
-725566.4509365708,3177592.1686093947,0,0,geospecific_336.obj,0,0,0,1,1
-725539.028471522,3172551.8343989486,0,0,geospecific_337.obj,0,0,0,1,1
-725472.1948009322,3172709.4241357436,0,0,geospecific_338.obj,0,0,0,1,1
-725517.3092954353,3172816.8908984247,0,0,geospecific_339.obj,0,0,0,1,1
-725527.5339353709,3173293.8937531444,0,0,geospecific_340.obj,0,0,0,1,1
-725468.5255131198,3173327.5694029643,0,0,geospecific_341.obj,0,0,0,1,1
-725537.779957554,3173746.0164540107,0,0,geospecific_342.obj,0,0,0,1,1
-725554.4503072501,3174540.7643470215,0,0,geospecific_343.obj,0,0,0,1,1
-725495.3837074604,3177518.1962543083,0,0,geospecific_344.obj,0,0,0,1,1
-725487.2389653573,3177693.736580313,0,0,geospecific_345.obj,0,0,0,1,1
-725506.5966274808,3178427.391198121,0,0,geospecific_346.obj,0,0,0,1,1
-725446.371734383,3172972.529992782,0,0,geospecific_347.obj,0,0,0,1,1
-725455.3072047466,3173594.266567296,0,0,geospecific_348.obj,0,0,0,1,1
-725480.3144351454,3173651.8902684203,0,0,geospecific_349.obj,0,0,0,1,1
-725413.7523290749,3173650.6436188794,0,0,geospecific_350.obj,0,0,0,1,1
-725491.5813002456,3175844.3425803822,0,0,geospecific_351.obj,0,0,0,1,1
-725439.5132599225,3177396.6185855586,0,0,geospecific_352.obj,0,0,0,1,1
-725454.7628194992,3177608.662160343,0,0,geospecific_353.obj,0,0,0,1,1
-725474.5948562837,3177937.6800671294,0,0,geospecific_354.obj,0,0,0,1,1
-725485.9140102236,3178192.4016164043,0,0,geospecific_355.obj,0,0,0,1,1
-725457.537896446,3178550.176448163,0,0,geospecific_356.obj,0,0,0,1,1
-725422.2856957038,3172584.786054132,0,0,geospecific_357.obj,0,0,0,1,1
-725395.5458871413,3172857.325558291,0,0,geospecific_358.obj,0,0,0,1,1
-725335.2256230048,3173060.6871169037,0,0,geospecific_359.obj,0,0,0,1,1
-725351.5365902279,3177507.9660635553,0,0,geospecific_360.obj,0,0,0,1,1
-725446.1677817669,3178323.8792596254,0,0,geospecific_361.obj,0,0,0,1,1
-725351.6207130582,3172699.772114956,0,0,geospecific_362.obj,0,0,0,1,1
-725276.3256551683,3172876.4248624654,0,0,geospecific_363.obj,0,0,0,1,1
-725296.942514387,3172921.0938997865,0,0,geospecific_364.obj,0,0,0,1,1
-725365.0920494313,3176484.164892533,0,0,geospecific_365.obj,0,0,0,1,1
-725266.740741891,3177094.6355925538,0,0,geospecific_366.obj,0,0,0,1,1
-725281.1739917356,3177187.0863900767,0,0,geospecific_367.obj,0,0,0,1,1
-725285.935616001,3177230.706499718,0,0,geospecific_368.obj,0,0,0,1,1
-725274.8872988456,3177326.1427205233,0,0,geospecific_369.obj,0,0,0,1,1
-725342.0530507393,3177400.8511713776,0,0,geospecific_370.obj,0,0,0,1,1
-725349.5761582671,3177468.7317616343,0,0,geospecific_371.obj,0,0,0,1,1
-725304.7911839989,3177669.5516866264,0,0,geospecific_372.obj,0,0,0,1,1
-725362.7849352806,3177738.90447875,0,0,geospecific_373.obj,0,0,0,1,1
-725266.6128378107,3172625.939283651,0,0,geospecific_374.obj,0,0,0,1,1
-725219.5375251049,3172783.744357062,0,0,geospecific_375.obj,0,0,0,1,1
-725293.8232512993,3173409.3031306397,0,0,geospecific_376.obj,0,0,0,1,1
-725317.3162035028,3176478.858436849,0,0,geospecific_377.obj,0,0,0,1,1
-725250.2527516254,3177609.628714548,0,0,geospecific_378.obj,0,0,0,1,1
-725283.1737002893,3178464.425029748,0,0,geospecific_379.obj,0,0,0,1,1
-725279.189305981,3178466.5532804513,0,0,geospecific_380.obj,0,0,0,1,1
-725204.9091986584,3172433.0341684422,0,0,geospecific_381.obj,0,0,0,1,1
-725208.7949956888,3172632.061437281,0,0,geospecific_382.obj,0,0,0,1,1
-725165.2605979486,3172665.4508286575,0,0,geospecific_383.obj,0,0,0,1,1
-725187.5417629513,3173296.0686173374,0,0,geospecific_384.obj,0,0,0,1,1
-725250.5648101413,3173425.8618295183,0,0,geospecific_385.obj,0,0,0,1,1
-725168.6380461595,3177288.67497304,0,0,geospecific_386.obj,0,0,0,1,1
-725096.2179506626,3172681.0900011584,0,0,geospecific_387.obj,0,0,0,1,1
-725136.7267663337,3172802.334112058,0,0,geospecific_388.obj,0,0,0,1,1
-725171.2482635195,3173211.5498259417,0,0,geospecific_389.obj,0,0,0,1,1
-725101.3513064069,3177291.5225012642,0,0,geospecific_390.obj,0,0,0,1,1
-725108.1304565126,3177412.20019122,0,0,geospecific_391.obj,0,0,0,1,1
-725067.0127206687,3172403.998766335,0,0,geospecific_392.obj,0,0,0,1,1
-725063.1052946791,3172569.3571263095,0,0,geospecific_393.obj,0,0,0,1,1
-725003.75013543,3172579.145662507,0,0,geospecific_394.obj,0,0,0,1,1
-725007.2250513708,3172706.168368616,0,0,geospecific_395.obj,0,0,0,1,1
-725020.4299438215,3177299.329706788,0,0,geospecific_396.obj,0,0,0,1,1
-725011.6094893529,3177515.638469296,0,0,geospecific_397.obj,0,0,0,1,1
-725005.9934664293,3177794.8686333788,0,0,geospecific_398.obj,0,0,0,1,1
-725022.3173330248,3177878.3419181593,0,0,geospecific_399.obj,0,0,0,1,1
-724973.624162105,3178053.921076717,0,0,geospecific_400.obj,0,0,0,1,1
-724847.8631238992,3172436.1225807867,0,0,geospecific_401.obj,0,0,0,1,1
-724910.2994839993,3172735.9479027875,0,0,geospecific_402.obj,0,0,0,1,1
-724990.661185144,3172917.8372729267,0,0,geospecific_403.obj,0,0,0,1,1
-724943.8922936422,3176450.138715205,0,0,geospecific_404.obj,0,0,0,1,1
-724902.6493632571,3176630.9792983285,0,0,geospecific_405.obj,0,0,0,1,1
-724814.6383579454,3177137.5644884156,0,0,geospecific_406.obj,0,0,0,1,1
-724875.1377086642,3177175.4011597163,0,0,geospecific_407.obj,0,0,0,1,1
-724933.8809094165,3177204.752752572,0,0,geospecific_408.obj,0,0,0,1,1
-724963.9502715188,3177427.5955712744,0,0,geospecific_409.obj,0,0,0,1,1
-724934.2272041704,3177458.8928988017,0,0,geospecific_410.obj,0,0,0,1,1
-724898.6481921456,3177565.8170138216,0,0,geospecific_411.obj,0,0,0,1,1
-724758.2108562598,3177593.135829232,0,0,geospecific_412.obj,0,0,0,1,1
-724927.8364034396,3177804.766022206,0,0,geospecific_413.obj,0,0,0,1,1
-724855.9440416823,3177868.697279642,0,0,geospecific_414.obj,0,0,0,1,1
-724765.9744602372,3177934.844473738,0,0,geospecific_415.obj,0,0,0,1,1
-724932.4550383743,3177950.2649399755,0,0,geospecific_416.obj,0,0,0,1,1
-724587.5048954916,3175850.631930443,0,0,geospecific_417.obj,0,0,0,1,1
-724592.5468649977,3176029.046623353,0,0,geospecific_418.obj,0,0,0,1,1
-724574.9337297766,3176176.5343828145,0,0,geospecific_419.obj,0,0,0,1,1
-724761.421929798,3176781.0571400505,0,0,geospecific_420.obj,0,0,0,1,1
-724588.6258657362,3176807.889840488,0,0,geospecific_421.obj,0,0,0,1,1
-724489.6397486052,3176814.973735322,0,0,geospecific_422.obj,0,0,0,1,1
-724476.3551934853,3176869.085315567,0,0,geospecific_423.obj,0,0,0,1,1
-724715.2506880932,3177002.620207782,0,0,geospecific_424.obj,0,0,0,1,1
-724686.2231069453,3177207.5878755776,0,0,geospecific_425.obj,0,0,0,1,1
-724645.7044691042,3177311.5128232026,0,0,geospecific_426.obj,0,0,0,1,1
-724396.6373260409,3177366.2044648407,0,0,geospecific_427.obj,0,0,0,1,1
-724694.6689770664,3177388.760728827,0,0,geospecific_428.obj,0,0,0,1,1
-724599.9887951019,3177429.442043953,0,0,geospecific_429.obj,0,0,0,1,1
-724558.5560215741,3177537.4824716686,0,0,geospecific_430.obj,0,0,0,1,1
-724691.6658763369,3177564.9705233187,0,0,geospecific_431.obj,0,0,0,1,1
-724655.4434251904,3177687.443354215,0,0,geospecific_432.obj,0,0,0,1,1
-724506.145849539,3177708.4732820964,0,0,geospecific_433.obj,0,0,0,1,1
-724523.6132551678,3177805.495784512,0,0,geospecific_434.obj,0,0,0,1,1
-724418.8767012607,3177885.0189254275,0,0,geospecific_435.obj,0,0,0,1,1
-724409.5115721531,3177963.2947816784,0,0,geospecific_436.obj,0,0,0,1,1
-724553.2011522593,3179278.4695253335,0,0,geospecific_437.obj,0,0,0,1,1
-724077.3890451909,3177411.969177204,0,0,geospecific_438.obj,0,0,0,1,1
-724172.1253022022,3177328.880193431,0,0,geospecific_439.obj,0,0,0,1,1
-724248.112400677,3177517.051727443,0,0,geospecific_440.obj,0,0,0,1,1
-723720.3097950859,3177629.5772695076,0,0,geospecific_441.obj,0,0,0,1,1
-724072.3752893364,3177716.0105086495,0,0,geospecific_442.obj,0,0,0,1,1
-723989.5443419922,3177713.636312861,0,0,geospecific_443.obj,0,0,0,1,1
-723633.3551853315,3177713.879596867,0,0,geospecific_444.obj,0,0,0,1,1
-723723.6340908873,3177756.040554272,0,0,geospecific_445.obj,0,0,0,1,1
-723759.1898250183,3177850.313184466,0,0,geospecific_446.obj,0,0,0,1,1
-723547.8760782349,3177871.679401917,0,0,geospecific_447.obj,0,0,0,1,1
-724197.9831089474,3177910.4207678055,0,0,geospecific_448.obj,0,0,0,1,1
-723828.9966261243,3177917.312188589,0,0,geospecific_449.obj,0,0,0,1,1
-723565.630880111,3177959.6463522674,0,0,geospecific_450.obj,0,0,0,1,1
-724000.571492624,3177965.200670747,0,0,geospecific_451.obj,0,0,0,1,1
-724069.2694462854,3178028.935969017,0,0,geospecific_452.obj,0,0,0,1,1
-723638.8236261155,3178075.1741430513,0,0,geospecific_453.obj,0,0,0,1,1
-723800.2266829974,3178144.86467041,0,0,geospecific_454.obj,0,0,0,1,1
-723441.1753066895,3178142.8450094205,0,0,geospecific_455.obj,0,0,0,1,1
-723861.9404547003,3178210.8189926525,0,0,geospecific_456.obj,0,0,0,1,1
-723464.33485764,3178254.6053041373,0,0,geospecific_457.obj,0,0,0,1,1
-723595.3576621301,3178327.9483288163,0,0,geospecific_458.obj,0,0,0,1,1
-723907.008441617,3178263.0582565567,0,0,geospecific_459.obj,0,0,0,1,1
-723648.4374954045,3178412.785030374,0,0,geospecific_460.obj,0,0,0,1,1
-723082.574539627,3178596.2152289515,0,0,geospecific_461.obj,0,0,0,1,1
-723442.822024801,3178741.1216497426,0,0,geospecific_462.obj,0,0,0,1,1
-724353.2223111844,3179057.2001042366,0,0,geospecific_463.obj,0,0,0,1,1
-723535.0313801542,3179077.0246887994,0,0,geospecific_464.obj,0,0,0,1,1
-724384.402481413,3179095.3141854005,0,0,geospecific_465.obj,0,0,0,1,1
-724419.8895784033,3179131.744118079,0,0,geospecific_466.obj,0,0,0,1,1
